epoch,accuracy,loss,lr,val_accuracy,val_loss
0,0.2571428716182709,4.3598246574401855,0.001,0.18095238506793976,2.116166353225708
1,0.565079391002655,2.1265294551849365,0.001,0.10476190596818924,2.046112537384033
2,0.8158730268478394,0.8905848860740662,0.001,0.18095238506793976,1.9369161128997803
3,0.8761904835700989,0.7084752321243286,0.001,0.18095238506793976,1.8602341413497925
4,0.9111111164093018,0.4554552733898163,0.001,0.18095238506793976,1.8372125625610352
5,0.9460317492485046,0.455230176448822,0.001,0.18095238506793976,1.8751046657562256
